foaf:name	rdfs:label	0.9817318545533226
dbp:ontology/notableIdea	y:influences-	0.07386954249920281
dbp:ontology/notableIdea	y:isKnownFor	0.21824032028020796
dbp:ontology/influencedBy	y:influences-	0.8587910946793077
dbp:ontology/influenced	y:influences	0.8803786035669474
dbp:ontology/demonym	rdfs:label	0.30751392466004396
dbp:ontology/capital	y:isLocatedIn-	0.057120859663170494
dbp:ontology/capital	y:hasCapital	0.4795379417543881
dbp:ontology/largestCity	y:isLocatedIn-	0.07019907413747455
dbp:ontology/largestCity	y:hasCapital	0.07036447014813485
dbp:ontology/birthDate	y:wasBornOnDate	0.9345604158549167
dbp:ontology/birthPlace	y:wasBornIn	0.19393940395964462
dbp:ontology/deathDate	y:diedOnDate	0.8857350946549252
dbp:ontology/deathPlace	y:diedIn	0.23442443788909476
dbp:ontology/restingPlace	y:diedIn	0.08483973594932666
dbp:ontology/spouse	y:isMarriedTo-	0.5823883618319338
dbp:ontology/spouse	y:isMarriedTo	0.919536153584312
dbp:ontology/child	y:hasChild	0.8427837205739837
dbp:ontology/successor	y:hasChild	0.05800108300496207
dbp:ontology/director	y:produced-	0.05850982911293002
dbp:ontology/director	y:directed-	0.7602789724024915
dbp:ontology/director	y:created-	0.15617344902389177
dbp:ontology/producer	y:produced-	0.38876349007995564
dbp:ontology/producer	y:directed-	0.10220461922773783
dbp:ontology/producer	y:created-	0.19253576681587126
dbp:ontology/writer	y:produced-	0.0548295132433452
dbp:ontology/writer	y:directed-	0.21134645842233651
dbp:ontology/writer	y:created-	0.7416263696293472
dbp:ontology/starring	y:actedIn-	0.6797612990642106
dbp:ontology/doctoralAdvisor	y:hasAcademicAdvisor	0.7041268758375878
dbp:ontology/doctoralStudent	y:hasAcademicAdvisor-	0.7001918780032955
dbp:ontology/nationality	y:isCitizenOf	0.3716736447759309
dbp:ontology/almaMater	y:graduatedFrom	0.4569852057892515
dbp:ontology/knownFor	y:created	0.06670448292431083
dbp:ontology/knownFor	y:isKnownFor	0.7597138111834283
dbp:ontology/anthem	y:hasOfficialLanguage	0.36536220719837265
dbp:ontology/governmentType	y:participatedIn	0.0656397355583555
dbp:ontology/governmentType	y:isLocatedIn	0.13168586126068016
dbp:ontology/currency	y:hasCurrency	0.652995327584569
dbp:ontology/motto	y:hasMotto	0.9359889058848738
dbp:ontology/officialLanguage	y:hasOfficialLanguage	0.771716617203762
dbp:ontology/leaderName	y:isLeaderOf-	0.7583762219443017
http://www.w3.org/2003/01/geo/wgs84_pos#long	y:hasLongitude	0.8732928698970236
http://www.w3.org/2003/01/geo/wgs84_pos#lat	y:hasLatitude	0.7995813629818894
dbp:ontology/notableWork	y:created	0.9542728556006886
dbp:ontology/birthName	rdfs:label	0.9673765189227411
dbp:ontology/author	y:created-	0.7050758641281563
dbp:ontology/publisher	y:created-	0.170176060497549
dbp:ontology/isbn	y:hasISBN	0.9581215659551396
dbp:ontology/composer	y:created-	0.6159866814340602
dbp:ontology/residence	y:livesIn	0.562199825346457
dbp:ontology/foundingDate	y:wasCreatedOnDate	0.5269351695770151
dbp:ontology/place	y:participatedIn-	0.08301473777339105
dbp:ontology/place	y:happenedIn	0.8516663578535638
dbp:ontology/territory	y:participatedIn-	0.07975434715894372
dbp:ontology/territory	y:happenedIn	0.2163291191233319
dbp:ontology/title	rdfs:label	0.10659441158226308
dbp:ontology/developer	y:created-	0.8856292300495531
dbp:ontology/designer	y:created-	0.8553343768219145
dbp:ontology/alias	rdfs:label	0.8880380976978335
dbp:ontology/predecessor	y:hasChild-	0.22575771246682977
dbp:ontology/parent	y:hasChild-	0.8474671062352814
dbp:ontology/formationDate	y:wasCreatedOnDate	0.4660670592969928
dbp:ontology/foundationPlace	y:isLocatedIn	0.13234697156303932
dbp:ontology/foundationPerson	y:created-	0.7661706671970692
dbp:ontology/location	y:isLocatedIn	0.3213984665756609
dbp:ontology/product	y:created	0.29958153805898796
dbp:ontology/numberOfStaff	y:hasNumberOfPeople	0.6985368948606654
foaf:nick	rdfs:label	0.8315613469220973
dbp:ontology/populationTotal	y:hasPopulation	0.7893523395398687
dbp:ontology/locationCity	y:isLocatedIn	0.5765324093784693
dbp:ontology/service	y:created	0.052272740852445834
dbp:ontology/placeOfBurial	y:diedIn	0.1872418220858578
dbp:ontology/pseudonym	rdfs:label	0.830031470514383
dbp:ontology/stateOfOrigin	y:isCitizenOf	0.2976683540510642
dbp:ontology/board	y:isKnownFor	0.07238212593183084
dbp:ontology/synonym	rdfs:label	0.8289927344199574
dbp:ontology/timeZone	y:hasCapital-	0.20196758875471787
dbp:ontology/timeZone	y:isLocatedIn	0.20225915546076834
dbp:ontology/daylightSavingTimeZone	y:hasCapital-	0.16831536052740237
dbp:ontology/daylightSavingTimeZone	y:isLocatedIn	0.4991964116637386
dbp:ontology/mayor	y:livesIn-	0.06899692554244657
dbp:ontology/mayor	y:wasBornIn-	0.11680733687645774
foaf:givenName	rdfs:label	0.8449077809993691
dbp:ontology/majorShrine	y:diedIn	0.11612944675480272
dbp:ontology/highestMountain	y:isLocatedIn	0.08125317675482528
dbp:ontology/citizenship	y:livesIn	0.07589932183262142
dbp:ontology/citizenship	y:isCitizenOf	0.34077170410530777
dbp:ontology/award	y:hasWonPrize	0.5882998623706217
dbp:ontology/federalState	y:isLocatedIn	0.09154952518518918
dbp:ontology/canonizedPlace	y:diedIn	0.07009001521347068
dbp:ontology/councilArea	y:isLocatedIn	0.7255212884155428
dbp:ontology/sourceRegion	y:isLocatedIn	0.17890335326423826
dbp:ontology/sourceCountry	y:isLocatedIn	0.28288484847659706
dbp:ontology/mouthCountry	y:isLocatedIn	0.292275447469038
dbp:ontology/lieutenant	y:isLeaderOf	0.20468521873914075
dbp:ontology/provost	y:worksAt-	0.16485426494097172
dbp:ontology/state	y:isLocatedIn	0.11419833404090805
dbp:ontology/headquarter	y:isLocatedIn	0.34995569170122165
dbp:ontology/creator	y:created-	0.808616217268724
dbp:ontology/executiveProducer	y:created-	0.3685818861113492
dbp:ontology/significantDesign	y:created	0.10463406240870624
dbp:ontology/coverArtist	y:created-	0.1785128061281674
dbp:ontology/employer	y:isKnownFor	0.05029122032199109
dbp:ontology/translator	y:created-	0.20941881330360593
dbp:ontology/releaseDate	y:wasCreatedOnDate	0.6459196443460355
dbp:ontology/academicAdvisor	y:hasAcademicAdvisor	0.06519596703104838
dbp:ontology/meshName	rdfs:label	0.7950661818466566
dbp:ontology/icaoLocationIdentifier	rdfs:label	0.7263215058180515
dbp:ontology/regionServed	y:isLocatedIn	0.05162234618024927
dbp:ontology/abbreviation	rdfs:label	0.9398612176989332
dbp:ontology/automobileModel	rdfs:label	1.0
dbp:ontology/license	y:created-	0.4875573408928652
dbp:ontology/billed	y:wasBornIn	0.0753045353397886
dbp:ontology/principalArea	y:isLocatedIn	0.5518483847024993
dbp:ontology/ceremonialCounty	y:isLocatedIn	0.6605168345217071
dbp:ontology/lieutenancyArea	y:isLocatedIn	0.42684526231383846
dbp:ontology/identificationSymbol	rdfs:label	0.21319776134348237
dbp:ontology/cinematography	y:directed-	0.06597794208211068
dbp:ontology/editing	y:directed-	0.21891352554299834
dbp:ontology/editing	y:created-	0.07786396582959687
dbp:ontology/largestSettlement	y:isLocatedIn-	0.5281446014524012
dbp:ontology/artist	y:created-	0.8918609190326697
dbp:ontology/callSign	y:hasGivenName	0.07672476093354261
dbp:ontology/callSign	rdfs:label	0.3102366040397542
dbp:ontology/editor	y:created-	0.0746231265773093
dbp:ontology/headquarters	y:isLocatedIn	0.42084408912503235
dbp:ontology/narrator	y:directed-	0.06201006092140331
dbp:ontology/narrator	y:created-	0.05506445084407272
dbp:ontology/narrator	y:actedIn-	0.09747042278485028
dbp:ontology/slogan	y:hasMotto	0.49241028587486807
dbp:ontology/foundingPerson	y:created-	0.7672609631380253
dbp:ontology/archipelago	y:isLocatedIn	0.05697196216388983
dbp:ontology/americanComedyAward	y:actedIn	0.22553195359675693
dbp:ontology/americanComedyAward	y:created	0.44482020233133684
dbp:ontology/americanComedyAward	y:produced	0.11278045336008964
dbp:ontology/emmyAward	y:created	0.11551548292796962
dbp:ontology/shipBeam	y:hasLatitude	0.7867529454812761
dbp:ontology/musicalArtist	y:created-	0.8344335604663341
dbp:ontology/musicalBand	y:created-	0.8344335604663341
dbp:ontology/locatedInArea	y:isLocatedIn	0.23380322048940777
dbp:ontology/nationalTopographicSystemMapNumber	rdfs:label	0.20747397853732868
dbp:ontology/county	y:isLocatedIn	0.05899697469084025
dbp:ontology/britishComedyAwards	y:created	0.20037925444567742
dbp:ontology/baftaAward	y:actedIn	0.10457115016054255
dbp:ontology/baftaAward	y:created	0.1485750080092882
dbp:ontology/baftaAward	y:directed	0.08952987849930522
dbp:ontology/baftaAward	y:produced	0.0897265516317584
dbp:ontology/notableStudent	y:hasAcademicAdvisor-	0.10867895230151196
dbp:ontology/notableStudent	y:influences	0.07255917037259896
dbp:ontology/governor	y:isLeaderOf-	0.3662765004021578
dbp:ontology/mouthRegion	y:isLocatedIn	0.1660348358057305
dbp:ontology/illustrator	y:created-	0.47646430664005074
dbp:ontology/government	y:isLocatedIn-	0.3026031964817246
dbp:ontology/symbol	rdfs:label	0.8805389473878145
dbp:ontology/relation	y:hasChild-	0.08211115849523176
dbp:ontology/usingCountry	y:hasCurrency-	0.5818686987075781
dbp:ontology/iataLocationIdentifier	rdfs:label	0.2993067053287813
dbp:ontology/owningOrganisation	y:isLocatedIn	0.06193111797229308
dbp:ontology/formerName	rdfs:label	0.7370841627784779
dbp:ontology/foundationOrganisation	y:created-	0.7870884873651883
dbp:ontology/aSide	rdfs:label	0.7723949266072522
dbp:ontology/bSide	rdfs:label	0.07118446793365099
dbp:ontology/person	y:created-	0.10124337696204284
dbp:ontology/faaLocationIdentifier	rdfs:label	0.3486669757433874
dbp:ontology/numberOfEmployees	y:hasNumberOfPeople	0.8358378539243778
dbp:ontology/sourceConfluence	y:isLocatedIn	0.07911352954617941
dbp:ontology/viceChancellor	y:worksAt-	0.09191973467454204
dbp:ontology/academyAward	y:actedIn	0.05643122730891683
dbp:ontology/academyAward	y:created	0.21965817455706652
dbp:ontology/academyAward	y:directed	0.17817581562262863
dbp:ontology/academyAward	y:produced	0.08989712491254981
dbp:ontology/academyAward	y:hasWonPrize	0.14217047490794266
dbp:ontology/grammyAward	y:created	0.7380264250651343
dbp:ontology/grammyAward	y:produced	0.062157354109681824
dbp:ontology/sourceConfluenceState	y:isLocatedIn	0.6836995168281833
dbp:ontology/designCompany	y:created-	0.8754154584529057
dbp:ontology/sourceConfluenceRegion	y:isLocatedIn	0.17975454348415032
dbp:ontology/heir	y:hasChild	0.3481049557506732
dbp:ontology/chiefEditor	y:isKnownFor-	0.06638191523226847
dbp:ontology/chiefEditor	y:created-	0.19609126998167067
dbp:ontology/rector	y:graduatedFrom-	0.15859718086777472
dbp:ontology/cesarAward	y:actedIn	0.26438212283120327
dbp:ontology/cesarAward	y:created	0.06608112560841391
dbp:ontology/cesarAward	y:directed	0.2544062019457822
dbp:ontology/compiler	y:created-	0.152319939741739
dbp:ontology/highestRegion	y:isLocatedIn	0.12436014077381094
dbp:ontology/storyEditor	y:created-	0.2408768974232005
dbp:ontology/management	y:created-	0.08297130445148955
dbp:ontology/formerCallsign	rdfs:label	0.13485096474480157
dbp:ontology/goldenGlobeAward	y:actedIn	0.14045518153583342
dbp:ontology/goldenGlobeAward	y:created	0.175494641837776
dbp:ontology/goldenGlobeAward	y:produced	0.07032410983050126
dbp:ontology/screenActorsGuildAward	y:actedIn	0.1540660390116439
dbp:ontology/meaning	rdfs:label	0.11249444350907103
dbp:ontology/callsignMeaning	rdfs:label	0.08789135060239868
dbp:ontology/address	rdfs:label	0.08924338622132888
dbp:ontology/afiAward	y:actedIn	0.08401178649538457
dbp:ontology/afiAward	y:created	0.20862038358163154
dbp:ontology/afiAward	y:directed	0.20943109713775201
dbp:ontology/afiAward	y:produced	0.1668614018789966
dbp:ontology/afiAward	y:hasWonPrize	0.06243985376358172
dbp:ontology/creativeDirector	y:isKnownFor-	0.09472986154364803
dbp:ontology/creativeDirector	y:created-	0.30796460961220584
foaf:familyName	y:hasFamilyName	0.9612910211108778
dbp:ontology/feastDay	y:diedOnDate	0.18424443908993188
dbp:ontology/goldenRaspberryAward	y:actedIn	0.5596189914356653
dbp:ontology/goldenRaspberryAward	y:created	0.18652213738008794
dbp:ontology/filmFareAward	y:actedIn	0.18242062218227045
dbp:ontology/filmFareAward	y:created	0.09121208828691438
dbp:ontology/filmFareAward	y:directed	0.22800419744035116
dbp:ontology/bodyDiscovered	y:diedIn	0.081989454143318
dbp:ontology/subtitle	rdfs:label	0.19999999999999998
dbp:ontology/dateOfBurial	y:diedOnDate	0.29558505817745645
dbp:ontology/pastor	y:created-	0.30838866813452426
dbp:ontology/engineType	y:created-	0.28528472115549697
dbp:ontology/nationalFilmAward	y:actedIn	0.15087471497132335
dbp:ontology/nationalFilmAward	y:created	0.29861197019436514
dbp:ontology/nationalFilmAward	y:directed	0.29861197019436514
dbp:ontology/nationalFilmAward	y:produced	0.1993875385276046
dbp:ontology/geminiAward	y:hasWonPrize	0.11980192202933015
dbp:ontology/goyaAward	y:actedIn	0.3993660430976019
dbp:ontology/goyaAward	y:created	0.30143701802603373
dbp:ontology/goyaAward	y:directed	0.40151349492925203
dbp:ontology/goyaAward	y:produced	0.10050327343396162
dbp:ontology/goldenCalfAward	y:actedIn	0.5035410012277972
dbp:ontology/stateDelegate	y:livesIn	0.16927655533584438
dbp:ontology/locationIdentifier	rdfs:label	0.9880418281778881
dbp:ontology/orbitalFlights	y:hasNumberOfPeople	1.0
dbp:ontology/totalTravellers	y:hasNumberOfPeople	1.0
