y:actedIn	dbp:ontology/starring-	0.9576306910390732
y:created	dbp:ontology/artist-	0.1943309985089998
y:created	dbp:ontology/creator-	0.07153112448318508
y:created	dbp:ontology/developer-	0.05289997649973974
y:created	dbp:ontology/author-	0.1728123044301079
y:created	dbp:ontology/writer-	0.306110438137016
y:created	dbp:ontology/producer-	0.09995185376180363
y:created	dbp:ontology/notableWork	0.07892333966407891
y:diedIn	dbp:ontology/birthPlace	0.08431089665502782
y:diedIn	dbp:ontology/deathPlace	0.8675539965768682
y:diedOnDate	dbp:ontology/deathDate	0.8362574154959682
y:directed	dbp:ontology/starring-	0.055969148807397104
y:directed	dbp:ontology/writer-	0.3636416092895935
y:directed	dbp:ontology/producer-	0.19787617235330432
y:directed	dbp:ontology/director-	0.982940596544534
y:graduatedFrom	dbp:ontology/almaMater	0.9370079012540957
y:happenedIn	dbp:ontology/place	0.940615504329141
y:hasAcademicAdvisor	dbp:ontology/doctoralStudent-	0.7286597667523746
y:hasAcademicAdvisor	dbp:ontology/doctoralAdvisor	0.8296848066055943
y:hasCapital	dbp:ontology/country-	0.09013655551169815
y:hasCapital	dbp:ontology/capital	0.6080396569879848
y:hasChild	dbp:ontology/parent-	0.5709225466989074
y:hasChild	dbp:ontology/predecessor-	0.0948691932604248
y:hasChild	dbp:ontology/child	0.30123048573516686
y:hasChild	dbp:ontology/successor	0.08319209050630737
y:hasCurrency	dbp:ontology/usingCountry-	0.28831091146890364
y:hasCurrency	dbp:ontology/currency	0.9240059235580594
y:produced	dbp:ontology/starring-	0.05724684787262901
y:produced	dbp:ontology/writer-	0.11277191523322
y:produced	dbp:ontology/producer-	0.9569008904820598
y:produced	dbp:ontology/director-	0.0947070885628334
y:wasCreatedOnDate	dbp:ontology/foundingDate	0.23770125145498364
y:wasCreatedOnDate	dbp:ontology/releaseDate	0.25362804452283355
y:hasLatitude	http://www.w3.org/2003/01/geo/wgs84_pos#lat	0.9797929635880316
y:influences	dbp:ontology/influencedBy-	0.6422716388034493
y:influences	dbp:ontology/influenced	0.4908557451736648
y:isLeaderOf	dbp:ontology/governor-	0.05161143665636429
y:isLeaderOf	dbp:ontology/leaderName-	0.7798059205904193
y:isLeaderOf	dbp:ontology/birthPlace	0.07365298956351593
y:isLeaderOf	dbp:ontology/residence	0.06252478603809959
y:wasBornIn	dbp:ontology/birthPlace	0.9023475312852406
y:wasBornIn	dbp:ontology/deathPlace	0.054638396655768855
y:isPoliticianOf	dbp:ontology/region	0.07738641226040674
y:isPoliticianOf	dbp:ontology/birthPlace	0.11070919269044575
y:isPoliticianOf	dbp:ontology/deathPlace	0.138180687226796
y:isPoliticianOf	dbp:ontology/residence	0.08137906547188548
y:livesIn	dbp:ontology/birthPlace	0.22174452431256791
y:livesIn	dbp:ontology/deathPlace	0.07738959695205379
y:livesIn	dbp:ontology/nationality	0.05059780300497557
y:livesIn	dbp:ontology/residence	0.8219564376042459
y:worksAt	dbp:ontology/almaMater	0.2032638900504533
y:isMarriedTo	dbp:ontology/spouse-	0.5659767122156526
y:isMarriedTo	dbp:ontology/spouse	0.8994556511245991
y:hasOfficialLanguage	dbp:ontology/spokenIn-	0.22438392099208226
y:hasOfficialLanguage	dbp:ontology/language	0.6586946643726214
y:hasOfficialLanguage	dbp:ontology/officialLanguage	0.6267075530967705
y:hasPopulation	dbp:ontology/populationTotal	0.9589884261719148
y:hasMotto	dbp:ontology/motto	0.8685645658400187
y:hasNumberOfPeople	dbp:ontology/numberOfStaff	0.9237179825688465
y:isAffiliatedTo	dbp:ontology/party	0.32531331897898674
y:isCitizenOf	dbp:ontology/birthPlace	0.25309235678790265
y:isCitizenOf	dbp:ontology/deathPlace	0.09851086976799707
y:isCitizenOf	dbp:ontology/nationality	0.8857939919277449
y:isCitizenOf	dbp:ontology/stateOfOrigin	0.14145244898936102
y:participatedIn	dbp:ontology/place-	0.07151092370444892
y:isKnownFor	dbp:ontology/knownFor	0.8811092544632979
y:wasBornOnDate	dbp:ontology/birthDate	0.959686540758736
y:hasISBN	dbp:ontology/isbn	0.9994232858681109
y:hasLongitude	http://www.w3.org/2003/01/geo/wgs84_pos#long	0.9803075164533169
y:hasWonPrize	dbp:ontology/award	0.3516957603362244
rdfs:label	foaf:name	0.9565217391304348
